MEDIO,ZONA DE CARABINEROS,PREFECTURA,UNIDAD,COMUNA,NOMBRE COMPLETO DEL DIRIGENTE VECINAL,CEDULA DE IDENTIDAD,GENERO,EDAD,NOMBRE DE LA JUNTA DE VECINOS,TELEFONO CELULAR,MEDIO DE TRASPORTE,AEROLINEA O EMPRESA DE TRASPORTE,NUMERO DE VUELO O PASAJE DE IDA,FECHA DE LLEGADA A PUERTO MONTT,HORA DE LLEGADA A PUERTO MONTT,NUMERO DE VUELO O PASAJE DE VUELTA,FECHA DE SALIDA DE PUERTO MONTT,HORA DE SALIDA DE PUERTO MONTT,ENFERMEDAD DE BASE
1,ARICA Y PARINACOTA,ARICA,2DA. COM. PUTRE,PUTRE,ALICIA CONDORI FLORES ,7.856.945-K,FEMENINO,67,NACE CHILE NRO.15,9-85858998,AEREO ,LATAM,POR CONFIRMAR,46338,"0,2673611111",POR CONFIRMAR,46341,"0,2673611111",DIABETES
2,ARICA Y PARINACOTA,ARICA,3RA. COM. ARICA,ARICA,MIRTA EDELCIRA CASTRO ROJAS,11.341.696-3,FEMENINO,57,"J.V. N° 3, BANDERA",9-56785791,AEREO ,POR CONFIRMAR DIA LUNES ,POR CONFIRMAR,POR CONFIRMAR,POR CONFIRMAR,POR CONFIRMAR,POR CONFIRMAR,POR CONFIRMAR,PITIRIASIS RUBRA PILARES
3,ARICA Y PARINACOTA,ARICA,3RA. COM. ARICA,ARICA,YASMINA DEL PILAR VASQUEZ FLORES,12.056.564-8,FEMENINO,52,COMUNIDAD INDIGENA VALLE DE CHACA,9-88134324,AEREO ,POR CONFIRMAR EL DIA LUNES ,POR CONFIRMAR,POR CONFIRMAR,POR CONFIRMAR,POR CONFIRMAR,POR CONFIRMAR,POR CONFIRMAR,NO
4,ARICA Y PARINACOTA,ARICA,P.A.C.I. 4TA. COM. CHACALLUTA (F),ARICA,ROSA EUSTAQUIA MAITA QUERQUEZANA,10.124.383-4,FEMENINO,62,COMUNIDAD INDIGENA DE VISVIRI,982621441,AEREO,LATAM AIRLINES,LA 187 (ARICA - SANTIAGO) Y LA 59 (SANTIAGO - PUERTO MONTT),46338,xxxxxxxx,LA 256 (PUERTO MONTT - SANTIAGO) Y LA 188 (SANTIAGO - ARICA),46341,xxxx,NO TIENE
5,TARAPACA,IQUIQUE,1RA. COM. IQUIQUE,IQUIQUE,PABLO RAMON ORELLANA FLORES,5.450.476-4,MASCULINO,74,AGRUPACION JJ.VV. POR LA SEGURIDAD IQUIQUE,9-90962137,AEREO,,IQUIQUE - SANTIAGO / SANTIAGO - PUERTO MONTT,46338,,PUERTO MONTT - SANTIAGO / SANTIAGO - IQUIQUE,46342,,HIPERTENSIÓN
6,TARAPACA,IQUIQUE,1RA. COM. IQUIQUE,IQUIQUE,GLORIA MIGUELINA JERIA JIMENEZ,7.349.033-2,FEMENINA,69,AGRUPACION JJ.VV. POR LA SEGURIDAD IQUIQUE,9-92283956,AEREO,,IQUIQUE - SANTIAGO / SANTIAGO - PUERTO MONTT,46338,,PUERTO MONTT - SANTIAGO / SANTIAGO - IQUIQUE,46342,,HIPERTENSIÓN
7,TARAPACA,IQUIQUE,1RA. COM. IQUIQUE,IQUIQUE,HILDA BURGOS SILVA,6.435.195-8,FEMENINA,75,AGRUPACION JJ.VV. POR LA SEGURIDAD IQUIQUE,9-90180072,AEREO,,IQUIQUE - SANTIAGO / SANTIAGO - PUERTO MONTT,46338,,PUERTO MONTT - SANTIAGO / SANTIAGO - IQUIQUE,46342,,COLESTEROL 
8,TARAPACA,IQUIQUE,1RA. COM. IQUIQUE,IQUIQUE,JOHANA AGUILAR GALLARDO,14.086.113-8,FEMENINA,54,AGRUPACION JJ.VV. POR LA SEGURIDAD IQUIQUE,9-90180072,AEREO,,IQUIQUE - SANTIAGO / SANTIAGO - PUERTO MONTT,46338,,PUERTO MONTT - SANTIAGO / SANTIAGO - IQUIQUE,46342,,NINGUNA
9,TARAPACA,IQUIQUE,1RA. COM. IQUIQUE,IQUIQUE,MARITZA VERONICA QUIGUATA ROJAS,12.143.654-K,FEMENINA,51,AGRUPACION JJ.VV. POR LA SEGURIDAD IQUIQUE,9-66007833,AEREO,,IQUIQUE - SANTIAGO / SANTIAGO - PUERTO MONTT,46338,,PUERTO MONTT - SANTIAGO / SANTIAGO - IQUIQUE,46342,,NINGUNA
10,TARAPACA,IQUIQUE,1RA. COM. IQUIQUE,IQUIQUE,VERONICA GONZALEZ QUEZADA,8.305.838-2,FEMENINA,66,AGRUPACION JJ.VV. POR LA SEGURIDAD IQUIQUE,9-75587173,AEREO,,IQUIQUE - SANTIAGO / SANTIAGO - PUERTO MONTT,46338,,PUERTO MONTT - SANTIAGO / SANTIAGO - IQUIQUE,46342,,NINGUNA
11,TARAPACA,IQUIQUE,3RA. COM ALTO HOSPICIO,ALTO HOSPICIO,ROSA ELENA GONZALEZ RIVERA,9.989.373-7,FEMENINA,52,UNION COMUNAL DE ALTO HOSPICIO,9-74656113,AEREO,LATAM,LA 177 IQUIQUE - SANTIAGO / LA 59 SANTIAGO - PUERTO MONTT,46338,"0,3715277778",LA 310 PUERTO MONTT - SANTIAGO / LA 178 SANTIAGO - IQUIQUE,46341,"0,6173611111",NINGUNA
12,TARAPACA,IQUIQUE,3RA. COM ALTO HOSPICIO,ALTO HOSPICIO,JOHANA ANGELICA VILLALOBOS GUILLEN,12.610.800-1,FEMENINA,51,JUNTA DE VECINOS MIRADOR DEL PACIFICO,9-86727974,AEREO,LATAM,LA 177 IQUIQUE - SANTIAGO / LA 59 SANTIAGO - PUERTO MONTT,46338,"0,3715277778",LA 310 PUERTO MONTT - SANTIAGO / LA 178 SANTIAGO - IQUIQUE,46341,"0,6173611111",NINGUNA
13,TARAPACA,IQUIQUE,3RA. COM ALTO HOSPICIO,ALTO HOSPICIO,ANA ELIZABETH GARCIA ROJAS,8.705.331-8,FEMENINA,67,JUNTA DE VECINOS ALIANZA ,9-44708325,AEREO,LATAM,LA 177 IQUIQUE - SANTIAGO  LA 59 SANTIAGO - PUERTO MONTT,46338,"0,3715277778",LA 310 PUERTO MONTT - SANTIAGO / LA 178 SANTIAGO - IQUIQUE,46341,"0,6173611111",NINGUNA
14,TARAPACA,IQUIQUE,3RA. COM ALTO HOSPICIO,ALTO HOSPICIO,ROSA ESTER CELEDON MARTINEZ,10.028.436-7,FEMENINA,63,JUNTA DE VECINOS DOMANASSAN ,9-42487597,AEREO,LATAM,LA 177 IQUIQUE - SANTIAGO  LA 59 SANTIAGO - PUERTO MONTT,46338,"0,3715277778",LA 310 PUERTO MONTT - SANTIAGO / LA 178 SANTIAGO - IQUIQUE,46341,"0,6173611111",NINGUNA
15,TARAPACA,IQUIQUE,4TA. COM. CAVANCHA,IQUIQUE,MARIO MOISES MUÑOZ RISSO,9.781.077-K,MASCULINO,63,UNIÓN COMUNAL SIGLO XXI,9-96979643,AÉREO,,IQUIQUE - SANTIAGO   SANTIAGO - PUERTO MONTT,46338,,PUERTO MONTT - SANTIAGO / SANTIAGO - IQUIQUE,46342,,NINGUNA
16,TARAPACA,IQUIQUE,4TA. COM. CAVANCHA,IQUIQUE,GLADYS DEL CARMEN GUTIÉRREZ GONZÁLEZ,9.038.810-K,FEMENINO,69,CERRO DRAGÓN,9-87686368,AÉREO,,IQUIQUE - SANTIAGO   SANTIAGO - PUERTO MONTT,46338,,PUERTO MONTT - SANTIAGO / SANTIAGO - IQUIQUE,46342,,DIABETES
17,TARAPACA,IQUIQUE,4TA. COM. CAVANCHA,IQUIQUE,ADRIANA DEL CARMEN ROJAS SEPÚLVEDA,6.267.687-6,FEMENINO,77,BELLAVISTA NRO. 53,9-93827451,AÉREO,,IQUIQUE - SANTIAGO   SANTIAGO - PUERTO MONTT,46338,,PUERTO MONTT - SANTIAGO / SANTIAGO - IQUIQUE,46342,,DIABETES
18,TARAPACA,IQUIQUE,4TA. COM. CAVANCHA,IQUIQUE,JORGE WALDO CREIXELL ROJAS,6.224.141-1,MASCULINO,72,JUNTA VECINAL DOLORES,9-74839226,AÉREO,,IQUIQUE - SANTIAGO   SANTIAGO - PUERTO MONTT,46338,,PUERTO MONTT - SANTIAGO / SANTIAGO - IQUIQUE,46342,,HIPERTENSIÓN
19,ANTOFAGASTA,ANTOFAGASTA,2DA. COM. ANTOFAGASTA,ANTOFAGASTA,CECILIA VIOLETA MICHEA BUSTAMANTE,10.542.973-8,FEMENINO,62,JUNTA DE VECINOS POBLACION MANUEL RODRIGUEZ,9-59640894,AVION,POR CONFIRMAR,NO CONFIRMADO,NO CONFIRMADO,NO CONFIRMADO,NO CONFIRMADO,NO CONFIRMADO,NO CONFIRMADO,TIROIDES
20,ANTOFAGASTA,ANTOFAGASTA,3RA. COM. ANTOFAGASTA,ANTOFAGASTA,IRIS INES CUEVAS OTAIZA,8.063.109-K,FEMENINO,67,JJ. W. NRO. 21 “MIRAMAR CENTRAL”,9-23856661,AVION,POR CONFIRMAR,POR CONFIRMAR,POR CONFIRMAR,POR CONFIRMAR,POR CONFIRMAR,POR CONFIRMAR,POR CONFIRMAR,HIPERTENSION Y GLAUCOMA
21,ANTOFAGASTA,ANTOFAGASTA,SUBCOM. PLAYA BLANCA,ANTOFAGASTA,JUANA MARIA LETELIER CAMPILLAY,10.186.331-K,FEMENINO,61,TRAVESIA DE LAS SALITRERAS,9-73810447,AVION,POR CONFIRMAR,POR CONFIRMAR,POR CONFIRMAR,POR CONFIRMAR,POR CONFIRMAR,,,NO MANTIENE
22,ANTOFAGASTA,ANTOFAGASTA,4TA. COM. TOCOPILLA ,TOCOPILLA,JULIETA DE LAS MERCEDES MUÑOZ MOYA,13.462.945-2,FEMENINO,53,JJ.VV.  URCO,9-65681706,AVION,POR CONFIRMAR,POR CONFIRMAR,POR CONFIRMAR,POR CONFIRMAR,POR CONFIRMAR,46341,,NO MANTIENE
23,ANTOFAGASTA,ANTOFAGASTA,5TA. COM. LA PORTADA,ANTOFAGASTA,ILDA ROSA ROJAS YAÑEZ,7.599.324-2,FEMENINO,67,LOS OLIVOS,9-92989479,AVION,POR CONFIRMAR,POR CONFIRMAR,POR CONFIRMAR,POR CONFIRMAR,POR CONFIRMAR,,,
24,ANTOFAGASTA,EL LOA,1RA. COM. CALAMA,CALAMA,LUISA DEL  CARMEN ESPINOZA KATRINSKY,15.981.578-1,FEMENINO,49,JJ.VV. INDEPENDENCIA NORTE,9-32220450,,,,,,,,,
25,ANTOFAGASTA,EL LOA,2DA. COM. CALAMA,CALAMA,TERESA AMANDA ECHEVERRIA FERRE,7.514.668-K,FEMENINO,66,JJ.VV. LUCILA GODOY ALCAYAGA,9-78878357,,,,,,,,,
26,ANTOFAGASTA,EL LOA,3RA. COM. CALAMA,CALAMA,SANDRA YUDITT VALDIVIA GUERRERO,12.347.508-9,FEMENINO,54,JJ.VV. AMANECER EN OJO DE OPACHE,9-51923129,,,,,,,,,
27,ATACAMA,ATACAMA,4TA. COM. EL SALVADOR (F),DIEGO DE ALMAGRO,CAROLA CLAUDIA ESPEJO LUCO,12.803.443-9,FEMENINO,54,UNION COMUNAL JJ.VV DIEGO DE ALMAGRO,9-51922370,BUS ,TURBUS,SI ,46338,"0,4166666667",TURBUS,46341,"0,7916666667",NO TIENE
28,ATACAMA,ATACAMA,4TA. COM. EL SALVADOR (F),DIEGO DE ALMAGRO,JENNIFER VELIZ RAMOS,15.027.491-5,FEMENINO,43,UNION COMUNAL JJ.VV DIEGO DE ALMAGRO,9-66671220,BUS ,TURBUS,SI ,46338,"0,4166666667",TURBUS,46341,"0,7916666667",NO TIENE
29,ATACAMA,ATACAMA,3RA. COM. VALLENAR,VALLENAR,MARIA ISABEL MIERES URQUIETA,6.265.910-6,FEMENINO,72,JJ.VV. QUINTA VALLE,9-42064869,AVIÓN,LATAM,LA-59,46338,"0,3715277778",LA-56,46341,"0,3055555556",NO TIENE
30,ATACAMA,ATACAMA,3RA. COM. VALLENAR,VALLENAR,LUZ MIREYA ARENAS CORTES,8.145.157-5,FEMENINO,66,JJ.VV. QUINTA VALLE,9-42496592,AVIÓN,LATAM,LA-63,46338,"0,3930555556", LA-56,46341,"0,3055555556",NO TIENE
31,ATACAMA,ATACAMA,3RA. COM. VALLENAR,VALLENAR,MARIELA ELIZABETH VENEGAS GONZALEZ,11.508.677-4,FEMENINO,56,JJ.VV. SARGENTO ALDEA,9-36482183,BUS,TURBUS,PASAJE N° 3000611824,46338,"0,3333333333",COMPRARÁ EN PUERTO MONTT,46341,COMPRARÁ EN PUERTO MONTT,HIPOTEROIDISMO CONTROLADO
32,ATACAMA ,ATACAMA,2DA. COM. COPIAPO,COPIAPO,IRENE GARCES ALEGRIA ,15.060.679-9,FEMENINO,44,COMITÉ DE SEGURIDAD SALITRERA UNIDA,9-31205203,AVION,SKY,1601,46338,"0,5416666667","0,6708333333",46341,"0,3368055556",NO MANTIENE 
33,ATACAMA ,ATACAMA,2DA. COM. COPIAPO,COPIAPO,JOHANA ROCHA ACEVEDO,14.115.702-7,FEMENINO,45,LA COLINA,9-63965280,AVION,SKY,DEOAHY,46333,"0,8715277778",DEOAHY,46341,"0,3090277778",NO MANTIENE 
34,COQUIMBO,LIMARI,3RA. COM. OVALLE,OVALLE,MARGARITA SOLEDAD JIMENEZ CEPEDA,8.109.633-3,FEMENINO,67,PRESIDENTA UNIÓN COMUNAL URBANA,9-76324641,BUS,ANDIMAR - ANDESMAR,NO,46338,"0,40625",TURBUS,46341,"0,6979166667",DIABÉTICA E HIPERTENSA
35,COQUIMBO,LIMARI,3RA. COM. OVALLE,OVALLE,YESENIA PAOLA SEGOVIA CORTES,13.180.215-3,FEMENINO,49,JJ.VV. VILLA DAVID PERRY,9-62804929,BUS,ANDIMAR - ANDESMAR,NO,46338,"0,40625",TURBUS,46341,"0,6979166667",NO
36,COQUIMBO,LIMARI,3RA. COM. OVALLE,OVALLE,MANUEL ENRIQUE CORTES OLIVAREZ,13.747.513-8,MASCULINO,45,JJ.VV. VILLA AMANECER,9-84735311,BUS,ANDIMAR - ANDESMAR,NO,46338,"0,40625",TURBUS,46341,"0,6979166667",NO
37,COQUIMBO,LIMARI,3RA. COM. OVALLE,OVALLE,RODRIGO ANTONIO ROBLES CARVAJAL,13.329.536-4,MASCULINO,48,JJ.VV. VILLA LOS PRESIDENTES,9-74668735,BUS,ANDIMAR - ANDESMAR,NO,46338,"0,40625",TURBUS,46341,"0,6979166667",NO
38,COQUIMBO,COQUIMBO,1RA. COM. LA SERENA,LA SERENA,ROXANA SOLEDAD CORTES ESPINOZA,9755766-7,FEMENINO,60,SEMINARIO LA SERENA Y UNION JS. VS. URBANO LA SERENA,9-65154972,PARTICULAR,PARTICULAR,NO,46338,"0,5",PARTICULAR,46341,"0,4166666667",NO MANTIENE
39,COQUIMBO,COQUIMBO,1RA. COM. LA SERENA,LA SERENA,MARIA AURORA VERA LEDEZMA,9172463-4,FEMENINO,62,UNION COMUNAL RURAL LA SERENA,9-83415073,PARTICULAR,PARTICULAR,NO,46338,"0,5",PARTICULAR,46341,"0,4166666667",NO MANTIENE
40,COQUIMBO,COQUIMBO,1RA. COM. LA SERENA,LA SERENA,MABEL VERONICA LOBOS SALINAS,12182356-K,FEMENINO,55,UNION COMUNAL RURAL DE LA SERENA,9-87694637,PARTICULAR,PARTICULAR,NO,46338,"0,5",PARTICULAR,46341,"0,4166666667",NO MANTIENE
41,COQUIMBO,COQUIMBO,2DA. COM. COQUIMBO,COQUIMBO,CAMILA ALEJANDRA VIGOUROUX ALVAREZ ,16.361.808-7,FEMENINO,39,CDSV EL SANTUARIO DE PEÑUELAS,9-32375887,AVION,JETSMART LA SERENA - SANTIAGO / SKI SANTIAGO PTO. MONTT,JA611 y H22089,46338,"0,9465277778",PTO. MONTT - SANTIAGO JA198 / SANTIAGO - LA SERENA JA610,46341,"0,5784722222",NO MANTIENE
42,COQUIMBO,COQUIMBO,2DA. COM. COQUIMBO,COQUIMBO,KARIN ORIETTA DELLARROSA BAMBARA,12.053.806-3,FEMENINO,55,JJVV VILLA DEL MAR DE PEÑUELAS,9-85490800,AVION,LA SERENA -SANTIAGO / SANTIAGO - PTO. MONTT,LA0456442BQYP,46338,"0,8104166667",PTO. MONTT - SANTIAGO LAN / SANTIAGO - LA SERENA LAN,46341,"0,6173611111",NO MANTIENE
43,COQUIMBO,COQUIMBO,6TA.COM. LAS COMPAÑIAS,LA SERENA,LINA MARIA CESPEDES ROJAS,21.704.658-0,FEMENINO,52,SERENA GOLF,9-42465418,POR CONFIRMAR,POR CONFIRMAR,POR CONFIRMAR,POR CONFIRMAR,POR CONFIRMAR,POR CONFIRMAR,POR CONFIRMAR,POR CONFIRMAR,NO MANTIENE
44,VALPARAISO,VALPARAÍSO,5TA. COM. CASABLANCA,CASABLANCA,GRACIELA DEL PILAR KRAUSE SANTIS,10.405.659-8,FEMENINO,46,EL BOSQUE DE LA VINILLA,9-35990340,VUELO,SKY AIRLINE,1623,46338,"0,4444444444",1628,46341,"0,6451388889",NO MANTIENE
45,VALPARAISO,VIÑA DEL MAR,1RA. COM. VIÑA DEL MAR,VIÑA DEL MAR,MARIA SANDRA CORTEZ CAAMAÑO,11.826.121-6,FEMENINO,56,AGRUPACION DE JUNTAS DE VECINOS AGUA SANTA ALTO SECTOR E,9-92992625,BUS,TURBUS,TB17878390184ed6,46338,"0,4513888889",TB178783901850dc,46341,"0,875",NO MANTIENE
46,VALPARAISO,VIÑA DEL MAR,4TA. COM. CONCON,CONCON,LUIS ENRIQUE BRASKY SAAVEDRA,7.452.198-3,MASCULINO,70,JJ.VV. VILLA ACONCAGUA,9-96302747,AEREO,SKY AIRLINE,H2 2087,46337,"0,8715277778",H2 2086,46341,"0,3090277778",NO MANTIENE
47,VALPARAISO,VIÑA DEL MAR,SUBCOMISARIA QUINTERO,QUINTERO,JUAN PABLO ARANCIBIA VILLASECA,16.403.422-4,MASCULINO,39,JJ.VV. ALONSO DE QUINTERO,9-98822668,BUS,TURBUS,TB178855100a776,46338,"0,4513888889",TB17885510054f7c,46341,"0,875",NO MANTIENE
48,VALPARAISO,ACONCAGUA,1RA. COM. DE LA LIGUA,LA LIGUA,JUAN HUMBERTO VILLALOBOS ROJAS,7.372.333-7,MASCULINO,70,UNCO LA LIGUA,9-83120517,AÉREO,SKY AIRLINE CHILE S.A,H2-1601,46338,"0,5416666667",H2-1628,46341,"0,6451388889",NO MANTIENE
49,VALPARAISO,MARGA MARGA,3RA.COM,LIMACHE,MARCO ANTONIO MENA RAMIREZ,18.511.060-5,MASCULINO,33,UNION COMUNAL,18.511.060-5,AEREO,SKY,H2 1623,46338,"0,4444444444",H2 1623,46340,46150,NO
50,VALPARAISO,MARGA MARGA,3RA.COM,LIMACHE,ROSA ESTER RIVERA MANRIQUEZ,7.669.502-4,FEMENINO,73,UNION COMUNAL,7.669.502-4,AEREO,SKY,H2 1623,46338,"0,4444444444",H2 1623,46340,46150,NO
51,VALPARAISO,MARGA MARGA,3RA.COM,LIMACHE,ERICA ISABEL ANABALON BRIONES,7.801.504-7,FEMENINO,69,LOS MAGNOLIOS,7.801.504-1,AEREO,SKY,H2 1623,46338,"0,4444444444",H2 1623,46340,46150,NO
52,VALPARAISO,MARGA MARGA,3RA.COM,LIMACHE,LILIAN TERESA OLAVARRIA MARTINEZ,8.218.050-8,FEMENINO,64,ANTIGUO MOTODROMO,8.218.050-8,AEREO,SKY,H2 1623,46338,"0,4444444444",H2 1623,46340,46150,NO
53,VALPARAISO,MARGA MARGA,2DA. COM.,QUILPUÉ,MARIA EVA OSORIO FLORES,10.336.435-3,FEMENINO,59,JJ.VV. N°65 BELLOTO NORTE ALTO,9-95933488,AEREO,SKY,2613,46338,"0,4881944444",1628,46341,"0,6451388889",NO
54,VALPARAISO,MARGA MARGA,2DA. COM.,QUILPUÉ,MIGUEL ALFONSO DURAN AEDO,8.731.069-8,MASCULINO,65,COMITE SEG. CUIDADANA ELENA CAMALEZ,9-98372482,AEREO,LATAM,LA 285,46337,"0,45",LA 284,46342,"0,6361111111",NO
55,VALPARAISO,MARGA MARGA,2DA. COM.,QUILPUÉ,PATRICIA DEL C. CALISTO PERALTA,11.504.829-5,FEMENINO,57,COMITE SEG. CUIDADANA ELENA CAMALEZ,9-98372044,AEREO,LATAM,LA 285,46337,"0,45",LA 284,46342,"0,6361111111",NO
56,VALPARAISO,MARGA MARGA,3RA.COM,LIMACHE,CATALINA ABARCA ROSAS,,FEMENINO,40,UNION COMUNAL,"16,803.106-8",AEREO,SKY,H2 1623,46338,10.40,H2 1623,46341,10.40,NO
57,VALPARAISO,MARGA MARGA,3RA.COM,LIMACHE,MYRIAM CACERES ESTAY,,FEMENINO,67,UNION COMUNAL,8.827.956-5,AEREO,SKY,H2 1623,46338,10.40,H2 1623,46341,10.40,IPERTENCION
58,VALPARAISO,MARGA MARGA,3RA.COM,LIMACHE,ERIKA YOLANDA MARHOLZ ,,FEMENINO,65,UNION COMUNAL,8.141.192-1,AEREO,SKY,H2 1623,46338,10.40,H2 1623,46340,10.40,NO
59,OESTE,COSTA,24VA. COM. MELIPILLA,MELIPILLA,ELIANA IVONNE DUGAN FARIAS,10.511.077-4,FEMENINO,61,MELIPILLA CENTRO,9-93145477,AVION,LATAM,LA 59,46338,"0,3715277778",LA 260,46343,"0,8444444444",HIPERTENCION
60,OESTE,COSTA,24VA. COM. MELIPILLA,MELIPILLA,GLADYS ISABEL DEL CARMEN MEZA TAPIA,6.723.626-2,FEMENINO,74,MELIPILLA CENTRO,9-37644422,AVION,LATAM,LA 59,46338,"0,3715277778",LA 260,46343,"0,8444444444",HIPERTENCIO Y MARCA PASO
61,OESTE,RINCONADA,25VA. COM. MAIPU,MAIPU,ISABEL FUENTES VINET,10.482.792-6,FEMENINA,59,UNION COMUNAL 2,9-48179092,AVION,SKY,H11623,46338,"0,4444444444",H21628,46341,"0,6451388889",NO
62,OESTE,RINCONADA,25VA. COM. MAIPU,MAIPU,MAIKA MARTINEZ LIZAMA,11.634.216-2,FEMENINA,56,SANTA MARIA III,9-63609581,AVION,SKY,H11623,46338,"0,4444444444",H21628,46341,"0,6451388889",NO
63,OESTE, CENTRAL,2DA. COM. SANTIAGO,SANTIAGO,MILENA PARADA PINO,13.034.756-8,FEMENINO,56,JJ.VV AVENIDA ESPAÑA ,9-94198703,BUS,,,,,,,,NO TIENE
64,OESTE,CENTRAL,4TA. COM. S.O.M. DANIEL PALMA,SANTIAGO,MONICA ALEJANDRA SEPULVEDA PEREZ,12.486.347-3,FEMENINO,53,COMITE DE SEGURIDAD Y APOYO SOCIAL SACRAMENTINOS,9-95793528,BUS,,,,,,,,NO TIENE
65,OESTE,CENTRAL,58VA. COM. POBLACIÓN ALESSANDRI,ESTACIÓN CENTRAL,TATIANA CECILIA JUICA MUÑOZ ,10.340.211-5,FEMENINO,61,JUNTA DE VECINOS POBLACIÓN SANTIAGO 2 ,9-76401175,AVIÓN,LATAM AIRLINES GROUP (IDA) - JETSMART (REGRESO),VUELO 59,46338,"0,3715277778",VUELO 198,46341,"0,5784722222",DIABETES (NO USA INSULINA) - HIPERTENSION - ALERGICA A METFORMINA Y TORPAS COMPRIMIDO 300MG
66,OESTE,OCCIDENTE,45VA. COM. CERRO NAVIA,CERRO NAVIA,PATRICIA  EUGENIA GONZALEZ NEIRA,8778142-9,FEMENINO,66,JJVV VIDA NUEVA,9-95480977,TERRESTRE,,,,,,,,NO MANTIENE
67,OESTE,OCCIDENTE,45VA. COM. CERRO NAVIA,CERRO NAVIA,OSCAR  ASHLEY  AGUIRRE CERDA,19669779-9,MASCULINO,28,JJVV JOSE JOAQUIN PEREZ,9-85222383,TERRESTRE,,,,,,,,NO MANTIENE
68,OESTE,OCCIDENTE,44VA. COM. LO PRADO,LO PRADO ,PATRICIA DEL CARMEN BARRIA ALVAREZ,10844254-9,FEMENINO,50,JJVV NRO. 8  V. ALTURO PRAT CHACON,9-88050608,TERRESTRE,BUSES TEPUAL VIP,312522-38,46338,"0,3472222222",REC-00199388,46341,"0,7916666667",ASMATICA
69,OESTE,OCCIDENTE,44 LO PRADO,LO PRADO ,ANEMARI ANGELICA SILVA CARRASCO,12330814-K,FEMENINO,49,JJVV NRO. 8  V. ALTURO PRAT CHACON,9-42412728,TERRESTRE,BUSES TEPUAL VIP,312522-39,46338,"0,3472222222",REC-00199387,46341,"0,7916666667",HIPERTENSA
70,OESTE,OCCIDENTE,7MA. COM. RENCA,RENCA,ROXANA DE LAS MERCEDES ASENCIO SOTO,12208570-5,FEMENINO,54,ILLANES BEYTIA 2,9-66804854,TERRESTRE,TURBUS,TB1787597700ccdf,46338,"0,4513888889",LO COMPRARÁ EN LA CIUDAD DE PUERTO MONTT ,,,"ARTROSIS RODILLA, DISCOPATIA LUMBAR CRÓNICA, HIPOTIROIDISMO"
71,OESTE,OCCIDENTE,7MA. COM. RENCA,RENCA,ISABEL DEL CARMEN ESPINOZA GONZALEZ,9901128-9,FEMENINO,63,COMITÉ DE SEGURIDAD RIVERA,9-85284608,TERRESTRE,TURBUS,TB1787597700ccdf,46338,"0,4513888889",LO COMPRARÁ EN LA CIUDAD DE PUERTO MONTT ,,,NO MANTIENE
72,OESTE,COSTA,SUBCOMISARIA PADRE HURTADO,PADRE HURTADO,FLORENTINA DEL CARMEN ARAVENA SOTO,12.513.892-6,FEMENINO,52,UNION COMUNAL JUNTAS DE VECINOS,982316040,AVION,,,,,,,,NO MANTIENE
73,OESTE,COSTA,SUBCOMISARIA PADRE HURTADO,PADRE HURTADO,TERESA DE LOS ANGELES OJEDA MOYA,9.358.370-1,FEMENINO,63,UNION COMUNAL JUNTAS DE VECINOS,963487170,AVION,,,,,,,,NO MANTIENE
74,OESTE,COSTA,SUBCOMISARIA PADRE HURTADO,PADRE HURTADO,CECILA DE LAS MERCEDES GALLARDO CELIS,9.499.751-8,FEMENINO,65,UNION COMUNAL DE JUNTAS DE VECINOS,995398138,AVION,,,,,,,,NO MANTIENE
75,OESTE,RINCONADA,51VA. PEDRO AGUIRRE CERDA,PEDRO AGUIRRE CERDA,MARIA ALICIA CORTES ITURRIETA,6.055.554-0,FEMENINO,78,JJVV 13-B COMUNIDAD DESARROLLO Y PROGRESO,992327591,AVION,,,,,,,,HIPERTENSIÓN
76,OESTE,RINCONADA,51VA. PEDRO AGUIRRE CERDA,PEDRO AGUIRRE CERDA,FABIOLA ANGELICA GAJARDO SEPULVEDA,7.201.948-2,FEMENINO,71,JJVV 13-B COMUNIDAD DESARROLLO Y PROGRESO,974483272,AVION,,,,,,,,VALVULAS MECANICAS
77,OESTE,RINCONADA,51VA. PEDRO AGUIRRE CERDA,PEDRO AGUIRRE CERDA,GRACIELA DOLORES  RIVERA PACHECO,6.380.284-0,FEMENINO,72,"JJVV 14, VILLA LAS LILAS",963710378,AVION,,,,,,,,HIPERTENSIÓN
78,ESTE,ANDES,17VA. COM. LAS CONDES,LAS CONDES,TERESA BERNARDITA SOTO ZUBICUETA,7.037.103-0,FEMENINO,67,JUNTA DE VECINOS PLAZA DEL INCA,9-90063563,AÉREO,LATAM,LA65,46338,"0,8104166667",LA284,46341,"0,4895833333",NO MANTIENE
79,ESTE,ANDES,37VA. COM. VITACURA,VITACURA,CRISTIAN SZOTT MEDINA ,9.004.789-2,MASCULINO ,64,SECRETARIO UNION COMUNAL Y TESORERO JJVV. A-11,9-90458523,AEREO,LATAM,LA59,46338,"0,3715277778",LA56,46342,"0,2916666667",NO MANTIENE
80,ESTE,ANDES,37VA. COM. VITACURA,VITACURA,JAIME ENRIQUE CONCHA ROJAS,6.630.378-0,MASCULINO ,73,REPRESENTANTE JJ.VV. A-10,9-83307623,AEREO ,SKY,H2 1601,46338,"0,5416666667",H2 1628,46341,"0,6451388889",NO MANTIENE
81,ESTE,SUR,10MA. COM. LA CISTERNA,LA CISTERNA,EVA JAQUELINA ARENAS FLORES,9.868.408-5,FEMENINO,60,UNION COMUNAL DE JUNTAS DE VECINOS LA CISTERNA,9-76596234,AEREO,SKY,1H48M,46338,13.00,1H44M,46341,18.16,"DIABETICA, INSULINO DEPENDIENTE"
82,ESTE,SUR,12VA. COM. SAN MIGUEL,SAN MIGUEL,VERÓNICADEL ROSARIO MOLINA RETAMAL,9.001.813-2,FEMENINO,65,JUNAT DE VECINOS N° 23 LLANO SUBERCASEAX,9-32580844,AEREO ,LANTAM,LA59,46338,"0,3715277778",LA56,46341,"0,3055555556",NO MANTIENE
83,ESTE,SUR,50VA. COM. SAN JOAQUIN,SAN JOAQUIN,IVONNE DEL CARMEN SANTANDER LAZCANO,10.033.474-7,FEMENINO,57,JUNTA DE VECINOS ANIBAL PINTO,9-68796653,AEREO,SKY AIRLINE/JETSMART,2613,46338,"0,4881944444",198,46341,"0,5784722222",NO MANTIENE
84,ESTE,DEL MAIPO,14VA. COM. SAN BERNARDO,SAN BERNARDO,ERICK ALEJANDRO BRINGAS ZEPEDA,10.361.647-6,MASCULINO,59,JUNTA DE VECINOS ISLA DE CHILOÉ,9-77741347,"VEHICULO PARTICULAR, P.P.U. BSDZ-34",NO ,NO,46338,"0,6666666667","VEHICULO PARTICULAR, P.P.U. BSDZ-34",46341,"0,4166666667",NO MANTIENE
85,ESTE,DEL MAIPO,15VA. COM. BUIN ,BUIN,LUIS IVÁN PIZARRO ESCOBAR,8.917.602-6,MASCULINO,60,"PDTE. JUNTA DE VECINOS Nº 1 “BDO. O’HIGGINS”, BUIN",9-27395289,AVION,AEROLINEA SKY -LATAM AIRLINES,Vuelo H2 1601     WBDGMW,46338,"0,5416666667",VUELO 56    OSYBHZ,46341,"0,3055555556",NO MANTIENE
86,ESTE,DEL MAIPO,64VA. COM. PAINE,PAINE,ALICIA LOURDES PEREIRA DANERI,13.634.982-1,FEMENINO,47,JJ.VV SANTA MARIA,9-86676494,AVION,LATAM,LA59,46338,"0,3715277778",VUELO LA58,46341,"0,3722222222","ASMA CRONICA, DIABETES 2 HIPOTIROIDISMO "
87,ESTE,CORDILLERA,36VA. COM. LA FLORIDA,LA FLORIDA,TERESILDA DEL CARMEN SURA VILLEGAS,7.839.058-1,FEMENINO,67,"JUNTA DE VECINOS N° 21 ""UNIDAD VILLA O`HIGGINS SEC.1 Y 2""",9-52546889,AEREO,AEROLÍNEA SKY,1623,46338,"0,4444444444",198 (AEROLÍNEA JETSMART) ,46341,"0,6618055556",TIROIDITIS EN TRATAMIENTO
88,ESTE,CORDILLERA,36VA. COM. LA FLORIDA,LA FLORIDA,MARCO ANTONIO TAVALI AHUMADA,11.629.788-4,MASCULINO,55,"JUNTA DE VECINOS N° 8 ""COMUNIDAD""",9-78512344,AEREO,AEROLÍNEA SKY,1623,46338,"0,4444444444",198 (AEROLÍNEA JETSMART),46341,"0,6618055556",HIPERTENSIÓN CONTROLADA
89,ESTE,CORDILLERA,36VA. COM. LA FLORIDA,LA FLORIDA,PAMELA DE LAS MERCEDES VARGAS GONZALEZ,11.207.846-0,FEMENINO,59,"JUNTA DE VECINOS N° 12-B ""VILLA MANUEL RODRIGUEZ""",9-97467820,AEREO,AEROLÍNEA LATAM,LA61,46337,"0,8729166667",LA56 (AEROLÍNEA LATAM),46342,"0,2916666667",HIPERTENSIÓN CONTROLADA
90,ESTE,CORDILLERA,36VA. COM. LA FLORIDA,LA FLORIDA,ROSARIO DEL CARMEN ARAVENA ROJAS,9.918.617-1,FEMENINO,63,"JUNTA DE VECINOS Nro. 28-B ""COMUNIDAD LOS QUILLAYES""",9-41015987,AEREO,AEROLÍNEA LATAM,LA285,46337,"0,45",LA260 (AEROLÍNEA LATAM),46345,"0,99375",NO MANTIENE
91,ESTE,CORDILLERA,36VA. COM. LA FLORIDA,LA FLORIDA,CESAR ALEJANDRO HINOJOZA HINOJOZA,14.512.927-3,MASCULINO,52,COMITÉ ALERTA DE SEGURIDAD ,9-91510674,AEREO,AEROLÍNEA LATAM,LA285,46337,"0,45",LA260 (AEROLÍNEA LATAM),46345,"0,99375",DIABETES CONTROLADA
92,ESTE,CORDILLERA,36VA. COM. LA FLORIDA,LA FLORIDA,MARCELO CHRISTIAN VILLAGRA SEPÚLVEDA,11.659.612-1,MASCULINO,56,"JUNTA DE VECINOS Nro. 9 ""VILLAS UNIDAS""",9-78512344,AEREO,AEROLÍNEA SKY,2089,46338,"0,8631944444",286 (AEROLÍNEA SKY),46344,"0,3090277778",NO MANTIENE
93,ESTE,ORIENTE,18VA. COM. ÑUÑOA,ÑUÑOA,MAGDALENA MLADENKA SANCHEZ,12.013.124-4,FEMENINO,71,JUNTA VECINAL N° 04 PUCARA  ,9-42507941,AEREO,LATAM,LA59,46338,"0,2986111111",L64,46345,"0,8451388889",NO MANTIENE 
94,ESTE,ORIENTE,18VA. COM. ÑUÑOA,ÑUÑOA,MARIA CECILIA LEMUS SOTOMAYOR ,6.872.934-3,FEMENINO,72,JUNTA VECINAL N° 05 BREMEN ,9-57286801,AEREO,LATAM,LA59,46338,"0,2986111111",L64,46345,"0,8451388889",NO MANTIENE 
95,ESTE,ORIENTE,18VA. COM. ÑUÑOA,ÑUÑOA,ANDREA LUCIA ALVAREZ NUÑEZ,10.283.816-5,FEMENINO,58,JUNTA VECINAL N° 04 PUCARA ,9-62438090,AEREO,LATAM,LA59,46338,"0,2986111111",L64,46345,"0,8451388889",NO MANTIENE 
96,ESTE,ORIENTE ,18VA. COM. ÑUÑOA,ÑUÑOA,MONICA TAMARA LOPEZ HERRERA,"9,118,363-3",FEMENINO,64,JUNTA VECINAL N° 21 PARQUE RAMON CRUZ,9-50162720,AEREO,LATAM,LA285,46338,"0,3770833333",LA284,46341,"0,6291666667",NO MANTIENE 
97,ESTE ,ORIENTE,18VA. COM. ÑUÑOA,ÑUÑOA,JIMENA DEL CARMEN REBOLLEDO CASTILLO,"6,641,472-8",FEMENINO,71,JUNTA VACINAL N° 12 JAVIERA CARRERA ,962438090,AEREO,LATAM,LA285,46338,"0,3770833333",LA64,46345,"0,8451388889",NO MANTIENE 
98,ESTE,ORIENTE,18VA. COM. ÑUÑOA,ÑUÑOA,VICTOR MANUEL GURRRA BASANTES,"25,272,415-K",MASCULINO,74,JUNTA VACINAL N° 12 JAVIERA CARRERA ,9-62438090,AEREO,LATAM,LA285,46338,"0,3770833333",LA64,46345,"0,8451388889",NO MANTIENE 
99,ESTE,ANDES,37A. COM. VITACURA,VITACURA,RUTH HERMINIA MENA ARANCIBIA,9.402.056-5,FEMENINO ,57,PRESIDENTA JJ.VV A-8,9-98145734,AEREO,LATAM,LA 59,46338,"0,3715277778",LA 56,46342,"0,2916666667",NINGUNA 
100,BDO. O'HIGGINS,CACHAPOAL,1RA. COM. RANCAGUA,RANCAGUA,PAULINA DE LAS MERCEDES BRAVO DIAZ,12.291.554-9,FEMENINO,54,COMITÉ SEGURIDAD VILLA DON MATEO IV,9-28954989,AVION,LATAM,LA65,46338,"0,8104166667",LA58,46345,09.45,NO TIENE
101,BDO. O'HIGGINS,CACHAPOAL,1RA. COM. RANCAGUA,RANCAGUA,TERESA MARGARITA MORALES REYES,9.133.680-4,FEMENINO,67,COMERCIO SEGURO CASCO HISTORICO,9-94632397,MEDIOS PROPIOS,MEDIOS PROPIOS,MEDIOS PROPIOS,MEDIOS PROPIOS,MEDIOS PROPIOS,MEDIOS PROPIOS,MEDIOS PROPIOS,MEDIOS PROPIOS,NO TIENE
102,BDO. O'HIGGINS,CACHAPOAL,4TA. COM. RENGO,RENGO,JOCELYN DENISSE PIZARRO ALBARADO,17.049.907-7,FEMENINO,37, JUNTA DE VECINOS VILLA LOS ALAMOS,9-96098873,TERRESTRE,TUR BUS,-,46337,"0,5833333333",-,46341,"0,8333333333",NO TIENE
103,BDO. O'HIGGINS,CACHAPOAL,4TA. COM. RENGO,RENGO,LUCY ELENA GONZALEZ LOPEZ,7.340.501-7,FEMENINO,71,JUNTA DE VECINOS LOS RENGUINOS DEL 79,9-93515597,TERRESTRE,TUR BUS,-,46337,"0,5833333333",-,46341,"0,8333333333",HIPERTENCION
104,BDO. O'HIGGINS,CACHAPOAL,4TA. COM. RENGO,RENGO,ILSE MARIELA MUÑOZ CORNEJO,8.656.801-2,FEMENINO,66,JUNTA DE VECINOS LAS TOORES 1RA. ETAPA,9-85020814,TERRESTRE,TUR BUS,-,46337,"0,5833333333",-,46341,"0,8333333333",FIBROMIALGIA
105,BDO. O'HIGGINS,CACHAPOAL,3RA. COM RANCAGUA,RANCAGUA,JAQUELINE ALEXANDRA SOTO CATALAN,9.623.932-7,FEMENINO,64,VILLA LA COMPAÑÍA,9-93428358,POR CONFIRMAR,POR CONFIRMAR,POR CONFIRMAR,POR CONFIRMAR,POR CONFIRMAR,POR CONFIRMAR,POR CONFIRMAR,POR CONFIRMAR,DIABETES E HIPERTENCION
106,BDO. O'HIGGINS,CACHAPOAL,3RA. COM RANCAGUA,RANCAGUA,MARIA CONSTANZA QUINTANILLA MARCELI,15.993.941-3,FEMENINO,40,PARQUE VILLA SANTA BLANCA,9-77669274,AEREO,POR CONFIRMAR,POR CONFIRMAR,POR CONFIRMAR,POR CONFIRMAR,POR CONFIRMAR,POR CONFIRMAR,POR CONFIRMAR,NO TIENE
107,BDO. O'HIGGINS,CACHAPOAL,3RA. COM RANCAGUA,RANCAGUA,MACARENA CONSTANZA GALLARDO ARANGUIZ,14.011.307-7,FEMENINO,45,UNION COMUNAL JUNTA DE VECINOS MACHALI,9-92542328,POR CONFIRMAR,POR CONFIRMAR,POR CONFIRMAR,POR CONFIRMAR,POR CONFIRMAR,POR CONFIRMAR,POR CONFIRMAR,POR CONFIRMAR,NO TIENE
108,BDO. O'HIGGINS,CACHAPOAL,6TA. COM SAN VICENTE,San Vicente ,JUAN JOSE GONZALEZ SEGURA,13.721.243-9,MASCULINO,47,BARRIO NORTE,9-59021020,BUS,POR CONFIRMAR,POR CONFIRMAR,POR CONFIRMAR,POR CONFIRMAR,POR CONFIRMAR,POR CONFIRMAR,POR CONFIRMAR,NO TIENE
109,BDO. O'HIGGINS,CACHAPOAL,6TA. COM SAN VICENTE,San Vicente ,MARIA ANGELICA FUENTES LARA,15.319.704-0,FEMENINO,61,TOSCANA 1,9-74141245,BUS,POR CONFIRMAR,POR CONFIRMAR,POR CONFIRMAR,POR CONFIRMAR,POR CONFIRMAR,POR CONFIRMAR,POR CONFIRMAR,NO TIENE
110,BDO. O'HIGGINS,COLCHAGUA,2DA. COM. SANTA CRUZ,SANTA CRUZ,JESSICA BEATRIZ FREDES LORCA,14.613.649-4,FEMENINO,50,JUNTA DE VECINOS VILLA O´HIGGINS Y PDTE. UNION COMUNAL,9-58318925,AVION,SKY AIRLINE,H2 1601,46338,"0,5416666667",H2 1606,46341,"0,8333333333",NO TIENE
111,BDO. O'HIGGINS,COLCHAGUA,2DA. COM. SANTA CRUZ,SANTA CRUZ,FERNANDO ANTONIO ALCAINO POBLETE,11.812.273-9,MASCULINO,55,JUNTA DE VECINOS BARREALES SANTA CRUZ,9-76187430,AVION,SKY AIRLINE,1601,46338,"0,5416666667",198,46341,"0,5784722222",NO TIENE
112,BDO. O'HIGGINS,COLCHAGUA,2DA. COM. SANTA CRUZ,SANTA CRUZ,SILVIA ROSA ALIAGA AVILA,11.069.102-5,FEMENINO,59,JUNTA DE VECINOS VILLA ESPERANZA SANTA CRUZ,9-79180329,AVION,SKY AIRLINE,H2 1601,46338,"0,5416666667",H2 1606,46341,"0,8333333333",NO TIENE
113,BDO. O'HIGGINS,COLCHAGUA,2DA. COM. SANTA CRUZ,SANTA CRUZ,MARIA JULIA GAJARDO CESPEDES,10.559.530-1,FEMENINO,62,JUNTA DE VECINOS ISLA DEL GUINDO NRO. 6,9-81450386,AVION,SKY AIRLINE,H2 1601,46338,"0,5416666667",H2 1606,46341,"0,8333333333",DIABETES E HIPERTENCION
114,BDO. O'HIGGINS,COLCHAGUA,2DA. COM. SANTA CRUZ,SANTA CRUZ,JILIO CESAR GOMEZ CABRERA,16.433.698-0,MASCULINO,39,JUNTA DE VECINOS LA ZONA SECTOR LA LAJUELA,9-37629642,AVION,SKY AIRLINE,H21606,46338,"0,5416666667",H2 1606,46341,"0,8333333333",HIPERTENCION
115,BDO. O'HIGGINS,COLCHAGUA,2DA. COM. SANTA CRUZ,SANTA CRUZ,LIDIA EUGENIA MATURANA LUSSO,12.784.200-0,FEMENINO,51,JUNTA DE VECINOS BICENTENARIO CUATRO,9-92381065,BUS,TUR BUS,2999949836,46338,"0,3680555556",2999949840,46341,"0,2951388889",NO TIENE
116,BDO. O'HIGGINS,COLCHAGUA,2DA. COM. SANTA CRUZ,SANTA CRUZ,MARIA DE LAS MERCEDES VALENZUELA ZUÑIGA,9.084.759-7,FEMENINO,65,JUNTA DE VECINOS BICENTENARIO CUATRO,9-71492757,BUS,TUR BUS,2999949838,46338,"0,3680555556",2999949842,46341,"0,2951388889",DIABETES E HIPERTENCION
117,BDO. O'HIGGINS,COLCHAGUA,2DA. COM. SANTA CRUZ,SANTA CRUZ,JOSE MARCOS ORTIZ CRUZ,14.262.320-2,MASCULINO,52,JUNTA DE VECINOS BICENTENARIO CUATRO,9-74102310,BUS,TUR BUS,2999949837,46338,"0,3680555556",2999949841,46341,"0,2951388889",NO TIENE
118,BDO. O'HIGGINS,COLCHAGUA,2DA. COM. SANTA CRUZ,SANTA CRUZ,EDITA DE LAS MERCEDES SALINAS CAMPOS,10.409.169-5,FEMENINO,62,JUNTA DE VECINOS BICENTENARIO CUATRO,9-93399224,BUS,TUR BUS,2999949839,46338,"0,3680555556",2999949843,46341,"0,2951388889",HIPOTIROIDISMO
119,BDO. O'HIGGINS,COLCHAGUA,2DA. COM. SANTA CRUZ,SANTA CRUZ,ROMILIO ENRIQUE PACHECO FLORES,6.380.533-5,MASCULINO,73,JUNTA DE VECINOS ISLA DEL GUINDO NRO. 6,9-98830261,AVION,SKY AIRLINE,H2 1601,46338,"0,5416666667",H2 1628,46341,"0,6458333333",HIPERTENCION
120,MAULE,LINARES,1RA. COM. LINARES,LINARES,HORTENCIA DEL CARMEN ALMUNA ALMUNA,8.922.950-2,FEMENINO,67,NOR-PONIENTE,9-81234588,TERRESTRE (BUS),TRANSANTIN,21619447-68,46337,"0,3333333333",21619435-338,46340,"0,9166666667",NO TIENE
121,MAULE,LINARES,SUBCOM. SUBOFICIAL CRISTIAN MARTINEZ,LINARES,NANCY JEANNETTE ARAYA GONZALEZ,9.538.101-4,FEMENINO,65,LA ISLA ALTO EL MANZANO,9-69012342,TERRESTRE (BUS),TRANSANTIN,21619445-708,46337,"0,3333333333",21619433-436,46340,"0,9166666667",DIABETES (CONTROLADA)
122,MAULE,LINARES,5TA. COM. SAN JAVIER,SAN JAVIER,PATRICIA DEL CARMEN GAJARDO GUZMÁN,10.116.948-0,FEMENINO,63,CUANDO AGOSTO ERA 21,9-66532915,TERRESTRE (BUS),NO,NO,46338,POR CONFIRMAR,NO,46340,POR CONFIRMAR,NO PRESENTA
123,MAULE,LINARES,5TA. COM. SAN JAVIER,SAN JAVIER,LAURA DE LAS MERCEDES GARRIDO ROJAS,10.373.242-5,FEMENINO,59,GABRIELA MISTRAL RURAL,9-92917301,TERRESTRE (BUS),NO,NO,46338,POR CONFIRMAR,NO,46340,POR CONFIRMAR,NO PRESENTA
124,MAULE,LINARES,3RA. COM. PARRAL ,PARRAL,CARLOS ZADAN VASQUEZ VERGARA,18.877.815-1,MASCULINO,30,VILLA DON MATIAS NRO. 81,9-33397053,TERRESTRE (BUS),TRANSANTIN Y JAC,PB1790977230017B529D,46337,"0,9861111111",PB17909772307FBCC257,46341,"0,3958333333",NO PRESENTA
125,MAULE,LINARES,3RA. COM. PARRAL ,PARRAL,GIOVANNA DEL PIOLAR MANRIQUEZ GONZALEZ,13.615.715-9,FEMENINO,46,SAN DIEGO NRO. 8,9-37399867,TERRESTRE (BUS),TRANSANTIN Y JAC,PB1790977230017B529D,46337,"0,9861111111",PB17909772307FBCC257,46341,"0,3958333333",NO PRESENTA
126,MAULE,LINARES,3RA. COM. PARRAL ,PARRAL,MARIA DE LOS ANGELS SEPULVEDA LILLO ,13.616.539-9,FEMENINO,49,VILLA REINA LUISA NRO 25,9-73925318,TERRESTRE (BUS),TRANSANTIN Y JAC,PB1790977230017B529D,46337,"0,9861111111",PB17909772307FBCC257,46341,"0,3958333333",NO PRESENTA
127,MAULE,LINARES,3RA. COM. PARRAL ,PARRAL,ROBERTO CARLO SALAZAR SALAZAR ,15.158.197-8,MASCULINO,43,REMULCAO NRO 27,9-81928685,TERRESTRE (BUS),,,,,,,,
128,MAULE,CURICO,1RA. COM. CURICO,CURICO,MARIA BETZABET RAGGI CABELLO,7.086.368-5,FEMENINO ,73,AGRUPACION NORORIENTE ,9-95099780,BUS,FLIXBUS,NO,46337,"0,90625",NO,46341,"0,8472222222","DIABETES, HIPERTENSION "
129,MAULE,CURICO,1RA. COM. CURICO,CURICO,ROSA EUDILIA CASTRO JARA,10.887.601-8,FEMENINO ,59,UNION COMUNAL DE JJVV,9-93494121,BUS,FLIXBUS,NO,46337,"0,90625",NO,46341,"0,8472222222",NINGUNA
130,MAULE,CURICO,1RA. COM. CURICO,CURICO,SANDRA ELIZABETH RAMIREZ PIÑA,11.762.718-7,FEMENINO ,55,JJVV ADELANTO Y PROGRESO,9-5158806,BUS,FLIXBUS,NO,46337,"0,90625",NO,46341,"0,8472222222",NINGUNA 
131,MAULE,CURICO,4TA. COM. MOLINA,MOLINA,MANUELA IVNNE CHAMARRO AEDO,14.286.616-1,FEMENINO,52,ARAUCARIA,9-99112290,AEREO,SKY  y  JETSMART,6054892542343,46338,"0,5416666667",F8TYXZ-0,46341,"0,5784722222",DIABETES (CONTROLADA)
132,MAULE,TALCA,2DA. COM. CONSTITUCION,CONSTITUCION,MARCIA ALEJANDRA RIVAS CABRERA,13.575.411-0,FEMENINO,47,CENTRO BORDE RIO,9-45573029,AEREO,LATAM AIRLINES,452204683643,46338,"0,8104166667",452204683643,46341,"0,4895833333",NO
133,MAULE,TALCA,2DA. COM. CONSTITUCION,CONSTITUCION,MARÍA VICTORIA ILUFI VÁSQUEZ,8.057.369-3,FEMENINO,65,LOS POCITOS,9-87485022,TERRESTRE,VEHICULO PARTICULAR,,46338,"0,04166666667",,46341,"0,3333333333",NO
134,MAULE,TALCA,3RA. COM. TALCA ,TALCA,MARGARITA ANDIA CARIQUEO,8.766.497-K,FEMENINO,66,JARDINES DE TALCA ,9-98427216,AVION,LATAM AIRLINES,LA 311,46338,"0,5423611111",LA 66,46341,"0,6944444444",NO
135,MAULE,TALCA,3RA. COM. TALCA ,TALCA,JEANETTE DE LOURDEN MENDEZ PARADA,10.576.573-8,FEMENINO,60,SAN GABRIEL,9-86161690,BUS,EN TRAMITE ,NO,46338,POR CONFIRMAR,NO,POR CONFRMAR,NO,NO
136,MAULE,TALCA,4TA. COM.CANCHA RAYADA,TALCA,VICTORIA DE LAS MERCEDES AMIGO QUEZADA,9.427.033-2,FEMENINO,65,DON SEBASTIAN,9-20902785,TERRESTRE,EN TRAMITE ,NO,46368,POR CONFIRMAR,NO,POR CONFRMAR,POR CONFIRMAR,NO
137,MAULE,TALCA,4TA. COM. CANCHA RAYADA,TALCA,MARIANO EUGENIO EMMANUEL MEDINA MUÑOZ,17.415.165-2,MASCULINO,36,CONDOMINIO DE LIRCAY,9-79316343,TERRESTRE,BUS,NO,46338,POR CONFIRMAR,NO,POR CONFIRMAR,POR CONFIRMAR,NO
138,MAULE,TALCA,5TA. COM. SAN JAVIER ,SAN JAVIER,MARIA ANGELICA ROJAS SALAZAR,9.127.505-2,FEMENINO,66,MARIO OLTRA BLANCO,9-58665924,TERRESTRE (BUS),NO,NO,46338,POR CONFIRMAR,NO,46340,"0,9166666667",NO
139,MAULE,TALCA,5TA. COM. SAN JAVIER ,SAN JAVIER,MARGARITA ROSA GUZMAN ARENAS,12.285.952-5,FEMENINO,54,BOBADILLA SUR ,9-97408043,TERRESTRE (BUS),NO,NO,46338,POR CONFIRMAR,NO,46340,"0,9166666667",HIPERTENSA  (CONTROLADA)
140,MAULE,TALCA,5TA. COM. SAN JAVIER ,SAN JAVIER,LEONTINA DEL CARMEN GOMEZ GOMEZ,11.285.524-6,FEMENINO,58,SAN PABLO 2,9-57647070,TERRESTRE (BUS),NO,NO,12/112026,POR CONFORMIR,NO,46340,"0,9166666667",HIPERTENSA  (CONTROLADA)
141,ÑUBLE,ÑUBLE,1RA. COM. SAN CARLOS,SAN CARLOS,HECTOR MANUEL ORTEGA HERNANDEZ,10.114.015-6,MASCULINO,62,JUNTA DE VECINOS LOS REGIDORES,9-96671464,TERRESTRE,"TRASPORTE TERRESTRE, GESTIONADO POR LOS DIRIGENTES  CON EL GORE ÑUBLE.", TERRESTRE,46338,"0,7083333333",TERRESTRE,46341,"0,4166666667","HIPOTIROIDISMO, TOMA MEDICAMENTOS"
142,ÑUBLE,ÑUBLE,1RA. COM. SAN CARLOS,SAN CARLOS,LUIS GUILLERMO PALMA PALMA,13.127.104-2,MASCULINO,49,JUNTA DE VECINOS HUAIPEMO,9-92736813,TERRESTRE,"TRASPORTE TERRESTRE, GESTIONADO POR LOS DIRIGENTES  CON EL GORE ÑUBLE.", TERRESTRE,46338,"0,7083333333",TERRESTRE,46341,"0,4166666667",INDICO NO MANTENER ENFERMEDADES
143,ÑUBLE,ÑUBLE,1RA. COM. SAN CARLOS,SAN CARLOS,SANDRA DEL PILAR TRONCOSO HERMOSILLA,12.204.709-1,FEMENINO,53,JUNTA DE VECINOS MONTE BLANCO,9-78354935,TERRESTRE,"TRASPORTE TERRESTRE, GESTIONADO POR LOS DIRIGENTES  CON EL GORE ÑUBLE.", TERRESTRE,46338,"0,7083333333",TERRESTRE,46341,"0,4166666667","HIPERTENSA, TOMA MEDICAMENTOS"
144,ÑUBLE,ÑUBLE,2DA.COM. CHILLÁN,CHILLAN,NELSON ARTURO SOLIS RIVAS,6.991.840-9,MASCULINO,74,JARDINES DEL ÑUBLE,9-92125344,TERRESTRE,"TRASPORTE TERRESTRE, GESTIONADO POR LOS DIRIGENTES  CON EL GORE ÑUBLE.", TERRESTRE,46338,"0,7083333333",TERRESTRE,46341,"0,4166666667",HIPERTENSO CONTROLADO
145,ÑUBLE,ÑUBLE,2DA.COM. CHILLÁN,CHILLAN,AURISTELA ENRIQUETA BADILLO BARRA,8.896.006-8,FEMENINO,66,JARDINES DEL ÑUBLE,9-99597768,TERRESTRE,"TRASPORTE TERRESTRE, GESTIONADO POR LOS DIRIGENTES  CON EL GORE ÑUBLE.", TERRESTRE,46338,"0,7083333333",TERRESTRE,46341,"0,4166666667",SIN ENFERMEDAD BASE
146,ÑUBLE,ÑUBLE,2DA.COM. CHILLÁN,CHILLAN,JANET  MARGARITA LARA VASQUEZ,11.536.576-2,FEMENINO,55,EL ESFUERZO,9-62409704,TERRESTRE,"TRASPORTE TERRESTRE, GESTIONADO POR LOS DIRIGENTES  CON EL GORE ÑUBLE.", TERRESTRE,46338,"0,7083333333",TERRESTRE,46341,"0,4166666667",SIN ENFERMEDAD BASE
147,ÑUBLE,ÑUBLE,3RA. COM. BULNES,BULNES,MARIA EUGENIA FLORES FLORES,6.681.381-9,FEMENINO,70,JUNTA DE VECINOS VILLA GALILEA,9-93270970,TERRESTRE,"TRASPORTE TERRESTRE, GESTIONADO POR LOS DIRIGENTES  CON EL GORE ÑUBLE.", TERRESTRE,46338,"0,7083333333",TERRESTRE,46341,"0,4166666667",HIPERTENSA/DISLIPIDEMIA
148,ÑUBLE,ÑUBLE,3RA. COM. BULNES,BULNES,LEDA ELIANA TRONCOSO JARPA,9.525.851-4,FEMENINO,65,JUNTA DE VECINOS LAS VIÑAS,9-75574950,TERRESTRE,"TRASPORTE TERRESTRE, GESTIONADO POR LOS DIRIGENTES  CON EL GORE ÑUBLE.", TERRESTRE,46338,"0,7083333333",TERRESTRE,46341,"0,4166666667","DIABETES, HIPOTIROIDISMO, INFARTO EL CUAL SE ENCUENTRA TRATADO"
149,ÑUBLE,ÑUBLE,3RA. COM. BULNES,BULNES,ROMINA SILVANA ULLOA LANAS,13.750.263-1,FEMENINO,48,JUNTA DE VECINOS EL FARO,9-62531536,TERRESTRE,"TRASPORTE TERRESTRE, GESTIONADO POR LOS DIRIGENTES  CON EL GORE ÑUBLE.", TERRESTRE,46338,"0,7083333333",TERRESTRE,46341,"0,4166666667",NO MANTIENE ENFERMEDADES DE BASE.
150,ÑUBLE,ÑUBLE,4TA.COM. YUNGAY,YUNGAY,JACQUELINE DEL CARMEN BELTRAN FUENTES,9.758.678-0,FEMENINO,62,JUNTA DE VECINOS SAN LUIS DE CURAPASO,9-20296473,TERRESTRE,"TRASPORTE TERRESTRE, GESTIONADO POR LOS DIRIGENTES  CON EL GORE ÑUBLE.",TERRESTRE,46338,"0,7083333333",TERRESTRE,46341,"0,4166666667",NO
151,ÑUBLE,ÑUBLE,4TA.COM. YUNGAY,YUNGAY,PATRICIO DEL TRANSITO CARRASCO MIERES,9.422.348-2,MASCULINO,61,RURAL SAN LUIS DE CURAPASO,9-63715332,TERRESTRE,"TRASPORTE TERRESTRE, GESTIONADO POR LOS DIRIGENTES  CON EL GORE ÑUBLE.",TERRESTRE,46338,"0,7083333333",TERRESTRE,46341,"0,4166666667",NO
152,ÑUBLE,ÑUBLE,4TA.COM. YUNGAY,YUNGAY,KARINA ANDREA VEGA VASQUEZ,17.813.172-9,FEMENINO,35,JUNTA DE VECINOS LOS PUQUIOS,9-44590844,TERRESTRE,"TRASPORTE TERRESTRE, GESTIONADO POR LOS DIRIGENTES  CON EL GORE ÑUBLE.",TERRESTRE,46338,"0,7083333333",TERRESTRE,46341,"0,4166666667",NO
153,ÑUBLE,ÑUBLE,5TA.COM. QUIRIHUE,QUIRIHUE,MARIA ELENA MOLINA HERNANDEZ,8.617.979-2,FEMENINO,70,GRUMETE CORTEZ NRO 2,9-54374483,TERRESTRE,"TRASPORTE TERRESTRE, GESTIONADO POR LOS DIRIGENTES  CON EL GORE ÑUBLE.", TERRESTRE,46338,"0,7083333333",TERRESTRE,46341,"0,4166666667",HIPERTENSA CONTROLADO
154,ÑUBLE,ÑUBLE,5TA.COM. QUIRIHUE,QUIRIHUE,BRAULIO ANTONIO PACHECO SEPULVEDA,8.278.870-0,MASCULINO,67,PRESIDENTE UNION COM. JJ.VV RURALES,9-84432702,TERRESTRE,"TRASPORTE TERRESTRE, GESTIONADO POR LOS DIRIGENTES  CON EL GORE ÑUBLE.",TERRESTRE,46338,"0,7083333333",TERRESTRE,46341,"0,4166666667",NO
155,ÑUBLE,ÑUBLE,5TA.COM. QUIRIHUE,QUIRIHUE,MAGALY DEL CARMEN CISTERNAS IRRIBARRA,8.874.440-3,FEMENINO,67,PDTA. UNION.COMUNAL DE MUJERES DEL COIQUEN,9-84433520,TERRESTRE,"TRASPORTE TERRESTRE, GESTIONADO POR LOS DIRIGENTES  CON EL GORE ÑUBLE.",TERRESTRE,46338,"0,7083333333",TERRESTRE,46341,"0,4166666667",NO
156,ÑUBLE,ÑUBLE,6TA. COM. CHILLAN VIEJO (S.U.). ,CHILLAN VIEJO ,YENNY GALDAMES GARCIA,17.777.099-K,FEMENINO,35,JJ.VV. EL CANELO,9-94705979,TERRESTRE,"TRASPORTE TERRESTRE, GESTIONADO POR LOS DIRIGENTES  CON EL GORE ÑUBLE.", TERRESTRE,46338,"0,7083333333",TERRESTRE,46341,"0,4166666667",NO 
157,ÑUBLE,ÑUBLE,6TA. COM. CHILLAN VIEJO (S.U.). ,CHILLAN VIEJO ,RODOLFO GAZMURI SANCHEZ,9.538.535-4,MASCULINO,64,JJ.VV. DIEGO PORTALES,9-44610652,TERRESTRE,"TRASPORTE TERRESTRE, GESTIONADO POR LOS DIRIGENTES  CON EL GORE ÑUBLE.", TERRESTRE,46338,"0,7083333333",TERRESTRE,46341,"0,4166666667",HIPERTENSION EN TRATAMIENTO CONTROLADA
158,BIOBÍO,TALCAHUANO,3RA. COM. PENCO,PENCO,GINETT MARIA GOMEZ GARCES,12.019.748-7,FEMENINO,57,SECRETARIA UNION COMUNAL,9-66210305,TERRESTRE,TURBUS,TB1788228583c237,46338,"0,4097222222",NO,NO,NO,NO MANTIENE.
159,BIOBÍO,TALCAHUANO,TENENCIA HIGUERAS,TALCAHUANO,LUCILA DEL CARMEN CABEZAS SANHUEZA,8.145.065-K,FEMENINO,70,VILLA OCEANÍA NRO. 32,9-77204525,TERRESTRE,NO,NO,NO,NO,NO,NO,NO,NO MANTIENE
160,BIOBÍO,TALCAHUANO,2DA. COM. TALCAHUANO,TALCAHUANO,MANUEL ALEJANDRO COLOMA MARTÍNEZ,14.355.331-0,MASCULINO,46,UNION COMUNAL DE JUNTAS DE VECINOS DE LA COMUNA DE TALCAHUANO,9-31823335,TERRESTRE,NO,NO,NO,NO,NO,NO,NO,NO MANTIENE
161,BIOBÍO,TALCAHUANO,4TA. COM HUALPEN,HUALPEN,JOSE MANUEL MARTINEZ GARRIDO,07.632.730-0,MASCULINO,67,PDTE. U. COMUNAL SIEMPRE UNIDOS,9-76008248,AEREO,SKY AIRLINE,H2-2613,46338,"0,4881944444",RETORNO EN BUS ,45976,POR CONFIRMAR,NO 
162,BIOBÍO,ARAUCO,1RA.COM. ARAUCO,ARAUCO,VICTOR ROLANDO RUBIO NAVARRO,11.960.911-9,MASCULINO,54,ARAUCO CENTRO PONIENTE Y  PRESIDENTE DE LA UNION COMUNAL DE JUNTAS DE VECINOS,9-42461202,TERRESTRE,TURBUS,913068126,46338,"0,7916666667",913068127,45976,"0,3645833333",HIPOTIROIDISMO
163,BIOBÍO,ARAUCO,2DA. COM. LEBU,LEBU,LUCIA MILLANAO CISTERNAS,10.219.653-8,FEMENINO,58,COMUNIDAD INDIGENA CURICO,9-96267760,EN BUS,PENDIENTE,PENDIENTE ,46338,20.00,PENDIENTE,PENDIENTE,PENDIENTE,NO
164,BIOBÍO,ARAUCO,3RA. COM. CAÑETE,CAÑETE ,REINALDO CATRIL BAHAMONDEZ ,10.037.937-6,MASCULINO ,60,JUNTA DE VECINOS PELECO,9-57209031,PENDIENTE ,PENDIENTE ,PENDIENTE,PENDIENTE,PENDIENTE,PENDIENTE,PENDIENTE,PENDIENTE,NO INDICA
165,BIOBÍO,ARAUCO,4TA. COM.  CURANILAHUE,CURANILAHUE,LORENA DEL TRÁNSITO VALLEJOS VALLEJOS,13.389.890-5,FEMENINO,47,UNION COMUNAL II JUNTAS DE VECINOS,9-505688114,AÉREO,PENDIENTE,PENDIENTE,46338,"0,6666666667",PENDIENTE,45976,"0,5",ARTRITIS REUMATOIDEA
166,BIOBÍO,CONCEPCION ,1RA. COM. CONCEPCIÓN,CONCEPCION ,ELSI PROVOSTE  VILLALON ,8.682.206-7,FEMENINO,57,JUNTA DE VECINOS PARQUE ECUADOR  NORTE ,9-79973450,AUTO PARTICULAR ,AUTO PARTICULAR  LKDD-23 ,NO ,46338,"0,6875",NO ,45976,11:00 HRS ,NO 
167,BIOBÍO,CONCEPCION ,2DA. COM. CONCEPCIÓN ,CONCEPCION ,ADELINA AVILES HERNANDEZ,11.905.049-9,FEMENINO,54,JUNTA DE VECINOS LOMAS DE BELLAVISTA,9-87210618,TERRESTRE,TUR BUS ,TB17877746664e79,46338,"0,4097222222","NO MANTIENE, DEBIDO A QUE SE QUEDARÁ EN PUERTO MONTT",-,-,MOVILIDAD REDUCIDA
168,BIOBÍO,CONCEPCION ,7MA. COM. CHIGUAYANTE ,CHIGUAYANTE ,MARIA SANDRA OYARZO NAVARRETE,9.655.607-1,FEMENINO ,62,UNION COMUNAL HUALQUI ,9-69070927,AUTO PARTICULAR PPU JWXS-42,,,46338,"0,625",,45976,"0,4166666667",NO 
169,BIOBÍO,CONCEPCION ,7MA. COM. CHIGUAYANTE ,CHIGUAYANTE ,ALEJANDRO VALENZUELA BAEZA,7.555.668-3,MASCULINO,69,JUNTA DE VECINOS MAITEN HUALQUI (SECRETARIO),9-34247982,AUTO PARTICULAR PPU JWXS-42,,,46338,"0,625",,45976,"0,4166666667",NO 
170,BIOBÍO,BIOBÍO,1RA. COM. LOS ANGELES,LOS ANGELES,NEFTALI ARNOLDO BIANCHI NOVOA,7.262.639-7,MASCULINO,72,PORVENIR ,9-66210330,TERRESTRE,TURBUS,2973224755,46338,"0,4097222222",2973224755,45976,"0,6666666667",HIPERTENCION CONTROLADA
171,BIOBÍO,BIOBÍO,1RA. COM. LOS ANGELES,LOS ANGELES,BLAS EDUARSO SALAS QUIROZ,10.267.285-2,MASCULINO,65,POCO A POCO,9-50643980,TERRESTRE,TURBUS,3000022902,46338,"0,3958333333",2973224755,45976,"0,5",NO PRESENTA 
172,BIOBÍO,BIOBÍO,2DA. COM.MULCHEN,MULCHEN,MARIA SUSANA REYES MEDINA,10.703.033-6,FEMENINO,64,VICTORINO LASTARRIAS,9-86327045,TERRESTRE,PARTICULAR,AUTOMOVIL PARTICULAR PPU. HJXS-59,46337,"0,5",AUTOMOVIL PARTICULAR PPU. HJXS-59,45976,"0,5",NO PRESENTA 
173,BIOBÍO,BIOBÍO,3RA. COM.NACIMIENTO,NACIMIENTO,ANGELICA PATRICIA CARRASCO NOVOA,13.388.689-3,FEMENINO,48,LAS ARAUCARIAS,9-66412993,TERRESTRE,TURBUS,2999972220,46338,"0,2777777778",2999972221,45976,"0,6979166667",NO PRESENTA 
174,BIOBÍO,BIOBÍO,4TA.COM. SANTA BARBARA/PACI BIO BIO,ALTO BIO BIO ,MARIA DELFINA CURRIAO PURRAN,7.029.173-8,FEMENINO,75,COMUNIDAD INDIGENA EL AVELLANO,NO MANTIENE,TERRESTRE ,TRANSANTIN,POR CONFIRMAR ,46338,POR CONFIRMAR ,POR CONFIRMAR ,45976,POR CONFIRMAR ,NO PRESENTA 
175,ARAUCANIA,MALLECO,1RA. COM. ANGOL,ANGOL,KAREN ROMANTE ERICES ALARCON,14.360.151-K,FEMENINO,45,UNION COMUNAL URBANA,957211463,TERRESTRE,BUSES JAC,POR CONFIRMAR,46338,"0,6458333333",POR CONFIRMAR,46341,"0,3333333333",NO
176,ARAUCANIA,MALLECO,4TA. COM. VICTORIA,VICTORIA,MANUEL EVANDRO GONZALEZ ESCOBAR,10.899.816-4,MASCULINO,56,"JJ.VV. ""SELVA OSCURA""",974954267,TERRESTRE," EMPRESA DE BUSES  ""ETM""",POR CONFIRMAR,46337,16.00,POR CONFIRMAR,46341,"0,4583333333",NO
177,ARAUCANIA,MALLECO,3RA. COM. TRAIGUEN,TRAIGUÉN,PEDRO PABLO PALACIOS PEREZ,12.926.989-8,MASCULINO,58,UNION COMUNAL TRAIGUÉN,962870361/ 930900164,TERRESTRE,POR CONFIRMAR,POR CONFIRMAR,46338,POR CONFIRMAR,POR CONFIRMAR,46341,"0,3333333333",NO
178,ARAUCANIA,CAUTÍN,2DA. COM. TEMUCO,TEMUCO,LEONILA AMBIADO RAMIREZ,7.232.821-3,FEMENINO ,71,"JJVV ""SANTA LUCIA""",992847782,BUSES ETM,EMPRESA DE TRASPORTE ETM,POR CONFIRMAR,46338,"0,75",POR CONFIRMAR,46341,"0,4583333333",
179,ARAUCANIA,CAUTÍN,2DA. COM. TEMUCO,TEMUCO,MARIELA ALICIA ULLOA SALAMANCA,14.296.128-8,FEMENINO ,51,"JJVV "" PABLO NERUDA""",977265241,BUSES ETM,EMPRESA DE TRASPORTE ETM,POR CONFIRMAR,46338,"0,8333333333",POR CONFIRMAR,46340,"0,7708333333",
180,ARAUCANIA,CAUTIN ,2DA. COM. TEMUCO,TEMUCO,VANESSA ELISABETH CARDENAS,15.986.162-7,FEMENINO ,41,JJVV SANTA LUCIA,984972360,TERRESTRE,CRUZ DEL SUR,POR CONFIRMAR,46338,"0,75",POR CONFIRMAR,46341,"0,4583333333",
181,ARAUCANIA,CAUTÍN,3RA. COM. PADRE LAS CASAS,PADRE LAS CASAS,JARITZA ANDREA ALEJANDRA CARRASCO VEGA,17.260.961-9,FEMENINO,37,JUNTA DE VECINOS SAN RAMON,972010334,BUS,EMPRESA DE TRASPORTE ETM,POR CONFIRMAR,46339,"0,375",POR CONFIRMAR,POR CONFIRMAR,POR CONFIRMAR,
182,ARAUCANIA,CAUTÍN,3RA. COM. PADRE LAS CASAS,PADRE LAS CASAS,RAQUEL MONTES NEIRA,8.834.251-8,FEMENINO,61,JUNTA DE VECINOS PILMAIQUEN ORIENTE,964815958,BUS,EMPRESA DE TRASPORTE ETM,POR CONFIRMAR,46339,"0,375",POR CONFIRMAR,POR CONFIRMAR,POR CONFIRMAR,
183,ARAUCANIA,CAUTÍN,3RA. COM. PADRE LAS CASAS,PADRE LAS CASAS,JENIFER MARISOL GARRIDO MEDINA,16.314.358-5,FEMENINO,40,JUNTA DE VECINOS ALIANZA 33A,948857237,BUS,EMPRESA DE TRASPORTE ETM,POR CONFIRMAR,46339,"0,375",POR CONFIRMAR,POR CONFIRMAR,POR CONFIRMAR,
184,ARAUCANIA,CAUTÍN,3RA. COM. PADRE LAS CASAS,PADRE LAS CASAS,ALICIA CURIMIL CATRILEO,10.239.338-4,FEMENINO,62,JUNTA DE VECINOS PULMAHUE III,994207844,BUS,EMPRESA DE TRASPORTE ETM,POR CONFIRMAR,46339,"0,375",POR CONFIRMAR,POR CONFIRMAR,POR CONFIRMAR,
185,ARAUCANIA,CAUTIN,8VA. COM. TEMUCO,TEMUCO,ROMINA PEREZ BAENA ,24.982.957-9,FEMENINO,44,SANTA ELENA DE MAIPO,940186739,VEHICULOS PATICULAR,VEHICULOS PATICULAR,VEHICULOS PATICULAR,46338,"0,6041666667",VEHICULO,46341,"0,5",NO
186,ARAUCANIA,CAUTIN,8VA. COM. TEMUCO,TEMUCO,DIEGO DANIEL CHACON JORGE ,7.601.396-9,MASCULINO,69,SANTA ELENA DE MAIPO,978567325,VEHICULO PARTICULAR,VEHICULOS PATICULAR,VEHICULOS PATICULAR,46338,"0,6041666667",VEHICULO,46341,"0,5",HIPERTENSION ARTERIAL
187,LOS RIOS,VALDIVIA,1RA. COM. VALDIVIA,VALDIVIA,MARISOL DEL CARMEN OYARZUN HERRERA,10.195.688-1,FEMENINO,60,UNIÓN COMUNAL,9-97910191,BUS INTERURBANO,,,,,,,,SIN ENFERMEDAD
188,LOS RIOS,VALDIVIA,1RA. COM. VALDIVIA,VALDIVIA,ABRAHAM NEFTALI AYALA VERA,8.183.494-6,MASCULINO,64,UNIÓN COMUNAL,9-86239835,BUS INTERURBANO,,,,,,,,SIN ENFERMEDAD
189,LOS RIOS,VALDIVIA,1RA. COM. VALDIVIA,VALDIVIA,ANGELICA LORENA MOYA HUENULEF,13.740.159-2,FEMENINO,51,UNIÓN COMUNAL,9-84682654,BUS INTERURBANO,,,,,,,,SIN ENFERMEDAD
190,LOS RIOS,VALDIVIA,3RA. COM. LA UNIÓN,LA UNIÓN,ROSA OTILIA PONCE MUÑOZ,7.677.366-1,FEMENINO,71,JUNTA DE VECINOS LOS LAGOS,9-67217660,TERRESTRE,,NO EXISTE RESERVA POR CERCANIA ,46338,"0,6666666667",NO EXISTE RESERVA POR CERCANIA ,46341,"0,4583333333",NO
191,LOS RIOS,VALDIVIA,3RA. COM. LA UNIÓN,LA UNIÓN,BERNARDA ERICA LONCOMILLA RIQUELME,10.133.209-8,FEMENINO,61,JUNTA DE VECINOS JORGE ALESSANDRI,9-89645152,TERRESTRE,,NO EXISTE RESERVA POR CERCANIA ,46338,"0,6666666667",NO EXISTE RESERVA POR CERCANIA ,46341,"0,4583333333",NO
192,LOS RIOS,VALDIVIA,4TA. COM. RÍO BUENO,RÍO BUENO,MARIA ROSARIO DEL CARMEN  QÚINLAN CAREY ,8.575.408-4,FEMENINO ,67,JUNTA DE VIGILANCIA RURAL CAYURRUCA ,9-93306789,TRANSPORTE PROPIO ,,,,,,,,
193,LOS RIOS,VALDIVIA,4TA. COM. RÍO BUENO,RÍO BUENO,JORGE GUILLERMO HEINSOHN VERGARA ,9.884.599-2,MASCULINO,58,JUNTA DE VIGILANCIA RURAL VIVANCO ,9-78543603,TRANSPORTE PROPIO,,,,,,,,
194,LOS RIOS,VALDIVIA,4TA. COM. RÍO BUENO,RÍO BUENO,INÉS ALICIA MÁRUEZ MÁRQUEZ,15.760.271-3,FEMENINO ,51,COMITÉ RÍO MORRO,9-97963653,TRANSPORTE PÚBLICO,,,,,,,,
195,LOS RIOS,VALDIVIA,4TA. COM. RÍO BUENO,RÍO BUENO,NELDA MIRANDA LEHMAN,9.817.957-5,FEMENINO ,58,COMITÉ RÍO MORRO ,9-81789575,TRANSPORTE PÚBLICO,,,,,,,,
196,LOS RIOS,VALDIVIA,5TA. COM. PANGUIPULLI,PANGUIPULLI,ESTER DEL CARMEN OLIVA OJEDA,12.574.088-K,FEMENINO,52,JUNTA DE VECINOS VILLA LOS PRESIDENTES,9-97096851,TERRESTRE,PENDIENTE,PENDIENTE,PENDIENTE,PENDIENTE,PENDIENTE,PENDIENTE,PEDIENTE,SIN ENFERMEDAD
197,LOS RIOS,VALDIVIA,5TA. COM. PANGUIPULLI,PANGUIPULLI,MARCELA INES FIGUEROA ASTROZA,12.745.865-0,FEMENINO,52,JUNTA DE VECIOS CULTRUNCAHUE,9-83022344,TERRESTRE,PENDIENTE,PENDIENTE,PENDIENTE,PENDIENTE,PENDIENTE,PENDIENTE,PEDIENTE,SIN ENFERMEDAD
198,LOS RIOS,VALDIVIA,2DA. COM. LOS LAGOS,LOS LAGOS,LUIS LERMANDA BURGOS,7.131.957-1,MASCULINO,68,JJ.VV. SECTOR EQUIL,9-65457445,TERRESTRE,TUR BUS,VIA TERRESTRE,46338,20:00 HORAS APROX.,VIA TERRESTRE,46341,"0,4166666667",NO
199,LOS RIOS,VALDIVIA,2DA. COM. LOS LAGOS,LOS LAGOS,KARINA VASQUEZ OBANDO,17.605.164-7,FEMENINO,35,COSOC,9-36805859,TERRESTRE,TUR BUS,VIA TERRESTRE,46338,20:00 HORAS APROX.,VIA TERRESTRE,46341,"0,4166666667",DIABETES
200,AYSÉN,AYSÉN,1RA. COM. COYHAIQUE,COYHAIQUE,MARIO ALFREDO SANDOVAL VARGAS,6.653.634-3,MASCULINO,74,CHILE NUEVO,9-96492338,AEREO,LATAM,LA288,46338,"0,6895833333",LA287,46342,"0,5979166667",NO 
201,AYSEN,AYSÉN,1RA. COM. COYHAIQUE,COYHAIQUE,JULIA MOLINA SILVA,12.457.948-1,FEMENINO,53,SARGENTO DANIEL REBOLLEDO,9-98041369,AEREO,LATAM,LA288,46338,"0,6895833333",OTRO MEDIO DE TRANSPORTE,46342,"0,5833333333",NO 
202,AYSEN,AYSÉN,1RA. COM. COYHAIQUE,COYHAIQUE,YANINA ALARCÓN VILLOUTA,13.134.961-0,FEMENINO,49,CARDENAL ANTONIO SAMORÉ,9-95101569,AEREO,LATAM,LA288,46338,"0,6895833333",OTRO MEDIO DE TRANSPORTE,46342,"0,5833333333",NO 
203,AYSEN,AYSÉN,1RA. COM. COYHAIQUE,COYHAIQUE,MARIA VERÓNICA LEGUE VERA,14.237.135-9,FEMENINO,54,ACHEN AMPLIACION PABLO NERUDA,9-75426162,AEREO,LATAM,LA288,46338,"0,6895833333",OTRO MEDIO DE TRANSPORTE,46342,"0,5833333333",NO 
204,AYSEN,AYSÉN,1RA. COM. COYHAIQUE,COYHAIQUE,RAMONA PEREZ LEVICAN,9.306.016-4,FEMENINO,60,VILLA PATAGONIA,9-51899250,AEREO,SKY,H21624,46338,"0,6118055556",H21627,46341,"0,4791666667",NO 
205,AYSEN,AYSÉN,1RA. COM. COYHAIQUE,COYHAIQUE,JESSICA SAAVEDRA PÉREZ,10.638.587-4,FEMENINO,60,LOS ARRAYANES,9-76508614,AEREO,SKY,H21624,46336,"0,6118055556",H21627,46341,"0,4791666667",NO
206,AYSEN,AYSÉN,1RA. COM. COYHAIQUE,COYHAIQUE,BERNARDO LUKASWESKY SANHUEZA,4.517.099-3,MASCULINO,79,REGIMIENTO,9-99492749,AEREO,LATAM,LA284,46336,"0,6631944444",LA287,46346,"0,6",NO
207,AYSEN,AYSÉN,2DA. COMISARIA PUERTO AYSEN ,PUERTO AYSEN,MONICA PATRICIA NAVARRETE MATAMALA ,11.855.995-9,FEMENINO,55,VILLA PATAGONIA ,971524864,TERRESTRE ,,,12.11.2026,,,,,NO
208,AYSEN,AYSÉN,2DA. COMISARIA PUERTO AYSEN ,PUERTO AYSEN,CLAUDIA JEANNETTE CARDENAS GALLARDO,13.410.704-9,FEMENINO,48,VILLA MAÑIHUALES ,976015998,TERRESTRE ,,,12.11.2026,,,,,NO
209,AYSEN,AYSÉN,2DA. COMISARIA PUERTO AYSEN ,PUERTO AYSEN,LEDA ANDRADE MANSILLA ,6.329.544-2,FEMENINO,71,POBLACION PEDRO AGUIRRE CERDA ,991312409,AVION ,SKY,H21624,12.11.2026,14:41 horas ,H21627,46341,11:30 hrs,NO
210,MAGALLANES Y ANTARTICA CHILENA,MAGALLANES,1RA. COM. PUNTA ARENAS (U),PUNTA ARENAS,SANDRA XIMENA HUICHAPAI VERA ,9.118.894-5,FEMENINO,62,JUNTA DE VECINOS NRO. 26 BARRIO CROATA,9-68718747,AEREO,LATAM,LA0450827BRGC,46335,"0,7847222222",LAFSRK,46342,"0,6597222222",NO
211,MAGALLANES Y ANTARTICA CHILENA,MAGALLANES,1RA. COM. PUNTA ARENAS (U),PUNTA ARENAS,MIRTA ISABEL SALDIVIA AGUILAR,8.838.035-5,FEMENINO,56,JUNTA DE VECINOS NRO. 28 CERRO LA CRUZ,9-42908685,AEREO,LATAM,LA0459624SVTD,46335,"0,7847222222",AQJOKO,46342,"0,6597222222",NO
212,MAGALLANES Y ANTARTICA CHILENA,MAGALLANES,1RA. COM. PUNTA ARENAS (U),PUNTA ARENAS,ROSA ALEJANDRA MANQUI INAYAO,10.977.235-6,FEMENINO,48,JUNTA DE VECINOS NRO. 56 LLAU LLAU,9-81480841,AEREO,SKY,KEJJRY,46338,"0,3680555556",KEJJRY,46338,"0,7090277778",NO
213,MAGALLANES Y ANTARTICA CHILENA,MAGALLANES,4TA. COM. PUERTO WILLIAMS (F),CABO DE HORNOS ,CECILIA ADELA MANCILLA OYARZUN ,9.751.900-5,FEMENINO,56,JUNTA DE VECINOS NRO. 1 PUERTO WILLIAMS,9-84380843,AEREO,DAP,"NO MANTIENE, EN ESPERA DE SUBVENCION POR PARTE DE LA DELEGACION",,,,,,NO
214,MAGALLANES Y ANTARTICA CHILENA,MAGALLANES,4TA. COM. PUERTO WILLIAMS (F),CABO DE HORNOS ,TERESA DE JESUS MUÑOZ CONTRERAS ,6.836.704-2,FEMENINO,73,JUNTA DE VECINOS NRO. 1 PUERTO WILLIAMS,9-99992228,AEREO,DAP,"NO MANTIENE, EN ESPERA DE SUBVENCION POR PARTE DE LA DELEGACION",,,,,,NO